{
  "Ansi 7 Color (Light)" : {
    "Red Component" : 0.40959125757217407,
    "Color Space" : "Calibrated",
    "Blue Component" : 0.31861674785614014,
    "Alpha Component" : 1,
    "Green Component" : 0.360250324010849
  },
  "Ansi 15 Color (Light)" : {
    "Red Component" : 0.17867125570774078,
    "Color Space" : "Calibrated",
    "Blue Component" : 0.15993706881999969,
    "Alpha Component" : 1,
    "Green Component" : 0.16613791882991791
  },
  "Ansi 2 Color (Light)" : {
    "Red Component" : 0.52591603994369507,
    "Color Space" : "Calibrated",
    "Blue Component" : 0.082894742488861084,
    "Alpha Component" : 1,
    "Green Component" : 0.53061914443969727
  },
  "Bold Color" : {
    "Red Component" : 0.062745101749897003,
    "Color Space" : "sRGB",
    "Blue Component" : 0.062745101749897003,
    "Alpha Component" : 1,
    "Green Component" : 0.062745101749897003
  },
  "Ansi 1 Color (Dark)" : {
    "Red Component" : 0.74529051780700684,
    "Color Space" : "Calibrated",
    "Blue Component" : 0.090684391558170319,
    "Alpha Component" : 1,
    "Green Component" : 0.05879192054271698
  },
  "Use Bright Bold" : true,
  "Ansi 9 Color (Light)" : {
    "Red Component" : 0.5389401912689209,
    "Color Space" : "Calibrated",
    "Blue Component" : 0.034902941435575485,
    "Alpha Component" : 1,
    "Green Component" : 0
  },
  "Ansi 8 Color (Dark)" : {
    "Red Component" : 0.49889594316482544,
    "Color Space" : "Calibrated",
    "Blue Component" : 0.37962067127227783,
    "Alpha Component" : 1,
    "Green Component" : 0.43934443593025208
  },
  "Background Color" : {
    "Red Component" : 0.97999999999999998,
    "Color Space" : "sRGB",
    "Blue Component" : 0.97999999999999998,
    "Alpha Component" : 1,
    "Green Component" : 0.97999999999999998
  },
  "Columns" : 160,
  "Ansi 8 Color" : {
    "Red Component" : 0.40781760215759277,
    "Color Space" : "sRGB",
    "Blue Component" : 0.4078223705291748,
    "Alpha Component" : 1,
    "Green Component" : 0.40782788395881653
  },
  "Right Option Key Sends" : 0,
  "Ansi 4 Color (Light)" : {
    "Red Component" : 0.21694663166999817,
    "Color Space" : "Calibrated",
    "Blue Component" : 0.4586675763130188,
    "Alpha Component" : 1,
    "Green Component" : 0.45008346438407898
  },
  "Has Hotkey" : false,
  "Blinking Cursor" : false,
  "Selected Text Color (Light)" : {
    "Red Component" : 0.68568128347396851,
    "Color Space" : "Calibrated",
    "Blue Component" : 0.50497335195541382,
    "Alpha Component" : 1,
    "Green Component" : 0.62249547243118286
  },
  "Selected Text Color (Dark)" : {
    "Red Component" : 0.68568128347396851,
    "Color Space" : "Calibrated",
    "Blue Component" : 0.50497335195541382,
    "Alpha Component" : 1,
    "Green Component" : 0.62249547243118286
  },
  "Cursor Type" : 0,
  "Keyboard Map" : {

  },
  "Ansi 3 Color (Dark)" : {
    "Red Component" : 0.80126690864562988,
    "Color Space" : "Calibrated",
    "Blue Component" : 0.10328958928585052,
    "Alpha Component" : 1,
    "Green Component" : 0.53254079818725586
  },
  "Visual Bell" : true,
  "Cursor Text Color" : {
    "Red Component" : 1,
    "Color Space" : "sRGB",
    "Blue Component" : 1,
    "Alpha Component" : 1,
    "Green Component" : 1
  },
  "Scrollback Lines" : 1000,
  "Selection Color (Light)" : {
    "Red Component" : 0.17867125570774078,
    "Color Space" : "Calibrated",
    "Blue Component" : 0.15993706881999969,
    "Alpha Component" : 1,
    "Green Component" : 0.16613791882991791
  },
  "Ansi 0 Color" : {
    "Red Component" : 0.078431375324726105,
    "Color Space" : "sRGB",
    "Blue Component" : 0.11764705926179886,
    "Alpha Component" : 1,
    "Green Component" : 0.098039217293262482
  },
  "Match Background Color (Dark)" : {
    "Red Component" : 0.99697142839431763,
    "Color Space" : "P3",
    "Blue Component" : 0.32116127014160156,
    "Alpha Component" : 1,
    "Green Component" : 0.98600882291793823
  },
  "Ansi 11 Color (Light)" : {
    "Red Component" : 0.64596939086914062,
    "Color Space" : "Calibrated",
    "Blue Component" : 0.068556100130081177,
    "Alpha Component" : 1,
    "Green Component" : 0.38748690485954285
  },
  "Ansi 5 Color (Dark)" : {
    "Red Component" : 0.62685638666152954,
    "Color Space" : "Calibrated",
    "Blue Component" : 0.45103743672370911,
    "Alpha Component" : 1,
    "Green Component" : 0.29604318737983704
  },
  "Cursor Text Color (Light)" : {
    "Red Component" : 0.97939503192901611,
    "Color Space" : "Calibrated",
    "Blue Component" : 0.73338055610656738,
    "Alpha Component" : 1,
    "Green Component" : 0.93639552593231201
  },
  "Silence Bell" : false,
  "Rows" : 40,
  "Guid" : "43CDC13F-2C36-4783-8DE9-B72DCFA59A8F",
  "Ansi 14 Color (Dark)" : {
    "Red Component" : 0.2062048614025116,
    "Color Space" : "Calibrated",
    "Blue Component" : 0.27463468909263611,
    "Alpha Component" : 1,
    "Green Component" : 0.41390609741210938
  },
  "Ansi 15 Color (Dark)" : {
    "Red Component" : 0.17867125570774078,
    "Color Space" : "Calibrated",
    "Blue Component" : 0.15993706881999969,
    "Alpha Component" : 1,
    "Green Component" : 0.16613791882991791
  },
  "Ansi 0 Color (Dark)" : {
    "Red Component" : 0.97939503192901611,
    "Color Space" : "Calibrated",
    "Blue Component" : 0.73338055610656738,
    "Alpha Component" : 1,
    "Green Component" : 0.93639552593231201
  },
  "Ambiguous Double Width" : false,
  "Option Key Sends" : 0,
  "Ansi 3 Color" : {
    "Red Component" : 0.78058648109436035,
    "Color Space" : "sRGB",
    "Blue Component" : 0,
    "Alpha Component" : 1,
    "Green Component" : 0.76959484815597534
  },
  "Window Type" : 0,
  "BM Growl" : true,
  "Prompt Before Closing 2" : false,
  "Command" : "",
  "Selected Text Color" : {
    "Red Component" : 0,
    "Color Space" : "sRGB",
    "Blue Component" : 0,
    "Alpha Component" : 1,
    "Green Component" : 0
  },
  "Ansi 14 Color (Light)" : {
    "Red Component" : 0.2062048614025116,
    "Color Space" : "Calibrated",
    "Blue Component" : 0.27463468909263611,
    "Alpha Component" : 1,
    "Green Component" : 0.41390609741210938
  },
  "Cursor Guide Color (Dark)" : {
    "Red Component" : 0.90061241388320923,
    "Color Space" : "Calibrated",
    "Blue Component" : 0.63873869180679321,
    "Alpha Component" : 1,
    "Green Component" : 0.82989895343780518
  },
  "Send Code When Idle" : false,
  "Ansi 6 Color" : {
    "Red Component" : 0,
    "Color Space" : "sRGB",
    "Blue Component" : 0.78166204690933228,
    "Alpha Component" : 1,
    "Green Component" : 0.77425903081893921
  },
  "Jobs to Ignore" : [
    "rlogin",
    "ssh",
    "slogin",
    "telnet"
  ],
  "Badge Color (Dark)" : {
    "Red Component" : 0.7928692102432251,
    "Color Space" : "Calibrated",
    "Blue Component" : 0.056549370288848877,
    "Alpha Component" : 0.5,
    "Green Component" : 0.28100395202636719
  },
  "Cursor Color" : {
    "Red Component" : 0,
    "Color Space" : "sRGB",
    "Blue Component" : 0,
    "Alpha Component" : 1,
    "Green Component" : 0
  },
  "Vertical Spacing" : 1,
  "Bound Hosts" : [

  ],
  "Disable Window Resizing" : false,
  "Close Sessions On End" : true,
  "Selection Color (Dark)" : {
    "Red Component" : 0.17867125570774078,
    "Color Space" : "Calibrated",
    "Blue Component" : 0.15993706881999969,
    "Alpha Component" : 1,
    "Green Component" : 0.16613791882991791
  },
  "Default Bookmark" : "No",
  "Foreground Color (Light)" : {
    "Red Component" : 0.17867125570774078,
    "Color Space" : "Calibrated",
    "Blue Component" : 0.15993706881999969,
    "Alpha Component" : 1,
    "Green Component" : 0.16613791882991791
  },
  "Custom Command" : "No",
  "Background Color (Dark)" : {
    "Red Component" : 0.97939503192901611,
    "Color Space" : "Calibrated",
    "Blue Component" : 0.73338055610656738,
    "Alpha Component" : 1,
    "Green Component" : 0.93639552593231201
  },